GeoFIPS,GeoName,Region,TableName,LineCode,IndustryClassification,Description,Unit,2001,2002,2003,2004,2005,2006,2007,2008,2009,2010,2011,2012,2013,2014,2015,2016,2017,2018,2019,2020,2021,2022
 "09000","Connecticut",1,CAGDP2,1,"...","All industry total ","Thousands of dollars",171124406,172929671,177814821,194722852,204504613,219812193,232626817,236110736,231627966,234022164,233058736,239907503,240549194,247114675,260648526,264760380,273875070,280535397,285466396,275801912,295907492,319344772
 "09000","Connecticut",1,CAGDP2,2,"..."," Private industries ","Thousands of dollars",154118005,154974984,159318538,175159895,183549111,198075281,209601639,212013098,207640258,209968811,208770663,215642175,215463530,221381760,233840670,237707328,246281003,252906023,258124193,248226723,267728433,290182627
 "09000","Connecticut",1,CAGDP2,3,"11","  Agriculture, forestry, fishing and hunting ","Thousands of dollars",358507,325691,341987,387130,375432,362429,387484,389762,357871,381686,379682,414195,481352,408654,431943,373108,396712,363332,394959,337182,395079,558267
 "09000","Connecticut",1,CAGDP2,6,"21","  Mining, quarrying, and oil and gas extraction ","Thousands of dollars",97829,99409,116397,113251,116408,150950,162171,125092,108385,154329,135014,156131,142312,162398,206029,252178,157690,155246,152328,192973,151773,151944
 "09000","Connecticut",1,CAGDP2,10,"22","  Utilities ","Thousands of dollars",2730195,2530028,2760081,3122297,3645766,4039565,4329451,4717458,4967625,4642463,4358220,4832678,4882959,5264050,4766229,4342569,4340594,4499944,4656980,4876846,5293701,5230958
 "09000","Connecticut",1,CAGDP2,11,"23","  Construction ","Thousands of dollars",5828508,5628055,5941236,6792105,7454854,7994334,8342346,7537546,7015578,6544226,6467637,6648539,6607634,6726129,7152487,7462106,7547691,7717775,8090889,7372429,8200904,8575656
 "09000","Connecticut",1,CAGDP2,12,"31-33","  Manufacturing ","Thousands of dollars",23655674,25938583,26294357,30855885,31577293,37577817,38637658,38829667,28692072,28947026,28349434,28941484,30073608,28973822,29509275,27095029,28374251,31694022,33026115,31452019,33356100,37656055
 "09000","Connecticut",1,CAGDP2,13,"321,327-339","   Durable goods manufacturing ","Thousands of dollars",15044631,13752682,14694853,14837515,15727469,16869153,17237989,17794129,17726657,19648474,19384095,20410196,20895014,19991669,20515299,19149923,20076428,22839685,24463581,22605979,24193637,27814264
 "09000","Connecticut",1,CAGDP2,25,"311-316,322-326","   Nondurable goods manufacturing ","Thousands of dollars",8611043,12185901,11599504,16018371,15849824,20708664,21399668,21035538,10965415,9298552,8965339,8531288,9178595,8982153,8993976,7945106,8297823,8854337,8562534,8846040,9162463,9841791
 "09000","Connecticut",1,CAGDP2,34,"42","  Wholesale trade ","Thousands of dollars",9066968,8851370,9289878,9937622,11048823,12144549,12844522,13765664,13284635,14258095,14742509,15962573,15879514,15628958,15891756,15107198,14667332,14715331,14871455,14509446,16268305,18004652
 "09000","Connecticut",1,CAGDP2,35,"44-45","  Retail trade ","Thousands of dollars",10845252,11058568,11480360,11602147,11959399,11746536,11717601,11484172,11333205,11532332,11928857,12678763,13137331,13514236,14042275,14345762,14634190,15233105,15503574,15443836,17605909,18660248
 "09000","Connecticut",1,CAGDP2,36,"48-49","  Transportation and warehousing ","Thousands of dollars",2718106,2744704,2998795,3236269,3428657,3635376,4098878,4030847,3787347,3705632,3793188,3967344,3987046,4549883,5719538,5580286,5580563,5622376,5612535,5681765,6696618,7587442
 "09000","Connecticut",1,CAGDP2,45,"51","  Information ","Thousands of dollars",6605398,6901786,7244272,7894532,8598211,9000199,10246955,10866230,10638623,10658631,10502797,10135803,11504724,11686512,13305763,14250801,14113856,14660929,16285478,15706115,16936517,17882648
 "09000","Connecticut",1,CAGDP2,50,"52,53","  Finance, insurance, real estate, rental, and leasing ","Thousands of dollars",48862504,46424707,46437976,52586003,54850309,58281505,62348643,60466499,68011515,68436587,65930841,65894944,62034579,65425319,71663158,75782198,81940181,81389687,79641696,78513555,80625790,85137800
 "09000","Connecticut",1,CAGDP2,51,"52","   Finance and insurance ","Thousands of dollars",26091651,23545538,24010213,28641195,29982188,33905103,35430194,28258635,33740170,33626206,31642415,33030472,29664045,32637994,38436051,41155026,46917082,43332046,40629724,39232479,40066611,42343019
 "09000","Connecticut",1,CAGDP2,56,"53","   Real estate and rental and leasing ","Thousands of dollars",22770853,22879168,22427763,23944807,24868122,24376402,26918450,32207864,34271345,34810382,34288426,32864472,32370534,32787325,33227107,34627172,35023099,38057641,39011972,39281076,40559179,42794781
 "09000","Connecticut",1,CAGDP2,59,"54,55,56","  Professional and business services ","Thousands of dollars",20671941,20274370,21158140,22012757,22866127,24119663,26472254,27809019,25821655,26186491,26828407,28748599,29067315,30680891,31660580,32148624,32497864,33318195,34119897,32210677,35166515,39133330
 "09000","Connecticut",1,CAGDP2,60,"54","   Professional, scientific, and technical services ","Thousands of dollars",12353281,12365388,12614890,12968453,13287130,13745724,14686419,16198869,15048593,15065795,15473914,15922846,16018054,17046002,17673890,18095100,18522075,19076865,19672454,18587004,20698599,22797572
 "09000","Connecticut",1,CAGDP2,64,"55","   Management of companies and enterprises ","Thousands of dollars",4197296,3773490,4194051,4403780,4481702,4949687,5663438,5326430,5242784,5299200,5454087,6436066,6646567,6877348,7024089,7058519,6581987,6701687,6854401,6344996,6307887,7045497
 "09000","Connecticut",1,CAGDP2,65,"56","   Administrative and support and waste management and remediation services ","Thousands of dollars",4121364,4135492,4349199,4640524,5097296,5424252,6122397,6283720,5530278,5821496,5900406,6389687,6402693,6757541,6962601,6995005,7393802,7539643,7593042,7278678,8160029,9290262
 "09000","Connecticut",1,CAGDP2,68,"61,62","  Educational services, health care, and social assistance ","Thousands of dollars",13968240,14895479,15774010,16734789,17318612,18342034,19322626,21239794,22604994,23313667,23833353,24856297,25241579,25903795,26253668,27088409,27656061,28671571,30064145,29660719,31740036,33953362
 "09000","Connecticut",1,CAGDP2,69,"61","   Educational services ","Thousands of dollars",2541086,2672083,2959350,3226726,3258643,3503480,3759326,4218414,4786446,5035799,5165502,5395898,5502077,5734141,5796453,6006592,6067764,6308467,6713752,6508476,6929201,7587133
 "09000","Connecticut",1,CAGDP2,70,"62","   Health care and social assistance ","Thousands of dollars",11427154,12223396,12814661,13508063,14059969,14838554,15563300,17021381,17818547,18277868,18667851,19460399,19739502,20169653,20457216,21081817,21588298,22363104,23350393,23152243,24810835,26366229
 "09000","Connecticut",1,CAGDP2,75,"71,72","  Arts, entertainment, recreation, accommodation, and food services ","Thousands of dollars",4983506,5312453,5535966,5760091,5907070,6097789,6068528,6345740,6665235,6901450,7205137,7907722,7824036,7591718,8206825,8766094,9128379,9313139,9996579,7190374,9663383,11426341
 "09000","Connecticut",1,CAGDP2,76,"71","   Arts, entertainment, and recreation ","Thousands of dollars",1606874,1690622,1863681,1984943,2050559,2093178,2020584,2075814,2216363,2186118,2275422,2580013,2449770,2473870,2333256,2427108,2396882,2509150,2495361,1961617,2688662,3465356
 "09000","Connecticut",1,CAGDP2,79,"72","   Accommodation and food services ","Thousands of dollars",3376632,3621831,3672286,3775148,3856511,4004612,4047944,4269927,4448872,4715331,4929714,5327709,5374266,5117847,5873569,6338986,6731497,6803988,7501219,5228757,6974721,7960985
 "09000","Connecticut",1,CAGDP2,82,"81","  Other services (except government and government enterprises) ","Thousands of dollars",3725376,3989782,3945083,4125019,4402151,4582535,4622521,4405606,4351520,4306197,4315588,4497103,4599544,4865396,5031142,5112968,5245639,5551370,5707563,5078788,5627802,6223924
 "09000","Connecticut",1,CAGDP2,83,"92","Government and government enterprises ","Thousands of dollars",17006401,17954688,18496284,19562956,20955501,21736912,23025178,24097637,23987708,24053353,24288072,24265328,25085663,25732915,26807855,27053052,27594067,27629374,27342204,27575189,28179059,29162145
 "09000","Connecticut",1,CAGDP2,87,"11,21","Natural resources and mining ","Thousands of dollars",456336,425100,458383,500380,491840,513379,549655,514854,466255,536014,514696,570325,623663,571053,637972,625285,554401,518578,547287,530155,546852,710211
 "09000","Connecticut",1,CAGDP2,88,"42,44-45","Trade ","Thousands of dollars",19912219,19909938,20770238,21539768,23008222,23891086,24562123,25249836,24617839,25790426,26671366,28641336,29016845,29143193,29934032,29452960,29301522,29948436,30375029,29953282,33874214,36664900
 "09000","Connecticut",1,CAGDP2,89,"22,48-49","Transportation and utilities ","Thousands of dollars",5448301,5274731,5758875,6358566,7074423,7674941,8428329,8748305,8754972,8348095,8151408,8800022,8870005,9813932,10485768,9922855,9921157,10122320,10269514,10558611,11990319,12818400
 "09000","Connecticut",1,CAGDP2,90,"31-33,51","Manufacturing and information ","Thousands of dollars",30261072,32840369,33538629,38750417,40175504,46578016,48884613,49695897,39330695,39605657,38852231,39077288,41578332,40660334,42815038,41345830,42488107,46354951,49311592,47158134,50292617,55538703
 "09000","Connecticut",1,CAGDP2,91,"...","Private goods-producing industries 2/","Thousands of dollars",29940518,31991737,32693976,38148371,39523987,46085530,47529659,46882068,36173905,36027267,35331767,36160348,37304906,36271004,37299734,35182420,36476343,39930375,41664291,39354603,42103856,46941922
 "09000","Connecticut",1,CAGDP2,92,"...","Private services-providing industries 3/","Thousands of dollars",124177487,122983246,126624562,137011524,144025125,151989751,162071980,165131030,171466353,173941544,173438897,179481826,178158625,185110756,196540937,202524908,209804659,212975648,216459902,208872120,225624576,243240705
 "09001","Fairfield, CT",1,CAGDP2,1,"...","All industry total ","Thousands of dollars",59428558,60434627,61125644,66397709,70432247,75570036,80353134,83421470,81396284,80688035,78194550,82845217,82305210,85003023,88053584,88414129,91838477,93080042,92852013,89690875,97146258,104368153
 "09001","Fairfield, CT",1,CAGDP2,2,"..."," Private industries ","Thousands of dollars",56243637,57024510,57596261,62634041,66499733,71472369,76025328,78948853,76929581,76167064,73835354,78364015,77676113,80057829,82851410,83149426,86466401,87556311,87297433,84109172,91489637,98568981
 "09001","Fairfield, CT",1,CAGDP2,3,"11","  Agriculture, forestry, fishing and hunting ","Thousands of dollars",43140,(D),(D),(D),(D),(D),(D),(D),(D),(D),(D),(D),70660,65490,57398,23059,51772,35955,48711,27937,23122,32785
 "09001","Fairfield, CT",1,CAGDP2,6,"21","  Mining, quarrying, and oil and gas extraction ","Thousands of dollars",4956,5267,7676,9946,7194,10046,9412,7212,5598,12587,13047,11137,12368,15967,17031,15590,15137,11218,10839,48530,36656,35463
 "09001","Fairfield, CT",1,CAGDP2,10,"22","  Utilities ","Thousands of dollars",555660,526691,623617,798000,1037943,1325745,1447646,2380423,2048606,1595117,1006136,1637315,1423891,1846871,1313595,923590,551608,1068019,1188797,843385,1233096,1123305
 "09001","Fairfield, CT",1,CAGDP2,11,"23","  Construction ","Thousands of dollars",1858280,(D),(D),(D),(D),(D),(D),(D),(D),(D),(D),(D),1877810,1832843,2003710,2106052,2127857,2171909,2240692,1933198,2299093,2457836
 "09001","Fairfield, CT",1,CAGDP2,12,"31-33","  Manufacturing ","Thousands of dollars",7419704,9136310,8878341,11168379,11040945,13163500,14317958,17743108,12928126,11930288,11560904,11087586,10250673,10073579,9216367,8031383,7261878,7374306,6875108,6770420,7790375,8474285
 "09001","Fairfield, CT",1,CAGDP2,13,"321,327-339","   Durable goods manufacturing ","Thousands of dollars",(D),3409495,3692255,3575120,3704923,3966277,4002675,4272711,4545482,4968917,4887995,5040794,4987756,4674030,4464556,3912325,3682345,4263193,4458132,4187972,4564273,5110597
 "09001","Fairfield, CT",1,CAGDP2,25,"311-316,322-326","   Nondurable goods manufacturing ","Thousands of dollars",(D),5726815,5186086,7593259,7336022,9197223,10315283,13470397,8382644,6961371,6672909,6046792,5262917,5399549,4751811,4119058,3579532,3111113,2416976,2582448,3226102,3363687
 "09001","Fairfield, CT",1,CAGDP2,34,"42","  Wholesale trade ","Thousands of dollars",4012076,3806590,3855618,4009805,4306582,4525615,4515731,4805780,4753213,5098148,5241228,5620443,6020288,6395492,7067765,7092953,7048306,7017356,7106906,6892305,7886688,8819608
 "09001","Fairfield, CT",1,CAGDP2,35,"44-45","  Retail trade ","Thousands of dollars",3792945,3746654,3838408,3601133,3734120,3510196,3609442,3549429,3525251,3554304,3962726,4296700,4495138,4644065,4778595,4820085,4731381,4937882,5003244,4884664,5514860,6086465
 "09001","Fairfield, CT",1,CAGDP2,36,"48-49","  Transportation and warehousing ","Thousands of dollars",824016,812095,878095,923204,1010586,1058157,1676773,1501448,1312267,1064187,991704,1291224,1127374,1554591,2591568,2360464,2175457,1770064,1383293,1710839,1645909,1838585
 "09001","Fairfield, CT",1,CAGDP2,45,"51","  Information ","Thousands of dollars",2544639,2624093,2621912,2728102,2963083,3073818,3839292,4192099,4250580,4341139,4287384,4075889,4747557,4706701,5513122,6052602,6324371,6950818,7849409,7665858,8160119,8500732
 "09001","Fairfield, CT",1,CAGDP2,50,"52,53","  Finance, insurance, real estate, rental, and leasing ","Thousands of dollars",18262823,17781755,17739905,19609376,21707723,22884019,23358017,20781807,25329849,25476263,23222001,24969281,24193095,25196725,25781470,26424687,30779088,29887449,28292757,28746054,29802943,31044070
 "09001","Fairfield, CT",1,CAGDP2,51,"52","   Finance and insurance ","Thousands of dollars",11204602,10670001,10674627,11541089,13162918,14791201,14359007,9989950,13468637,13967917,12003023,14343980,13638194,13994877,14722540,15668196,19726386,17586656,16179898,15933170,16217267,17268172
 "09001","Fairfield, CT",1,CAGDP2,56,"53","   Real estate and rental and leasing ","Thousands of dollars",7058220,7111754,7065278,8068287,8544805,8092817,8999010,10791858,11861213,11508346,11218979,10625301,10554901,11201848,11058929,10756492,11052703,12300793,12112859,12812884,13585676,13775897
 "09001","Fairfield, CT",1,CAGDP2,59,"54,55,56","  Professional and business services ","Thousands of dollars",10529129,9804847,10090070,10220137,10794935,11372922,12414348,12856870,11419208,11593047,11848388,13026987,13205355,13412826,13912257,14204627,13840191,14275405,14540723,13337631,14680066,16526999
 "09001","Fairfield, CT",1,CAGDP2,60,"54","   Professional, scientific, and technical services ","Thousands of dollars",5836803,5635187,5629373,5720738,5832127,6032119,6341896,7119038,6445649,6413181,6539575,6648243,6732492,6968752,7272479,7572215,7790073,8147367,8407646,7774656,8721519,9637493
 "09001","Fairfield, CT",1,CAGDP2,64,"55","   Management of companies and enterprises ","Thousands of dollars",2995123,2564076,2791114,2744972,2978697,3184707,3578028,3249788,3005986,3100560,3206609,3899695,3994234,3821091,3920947,3960143,3297752,3321949,3334158,2906667,3016714,3338728
 "09001","Fairfield, CT",1,CAGDP2,65,"56","   Administrative and support and waste management and remediation services ","Thousands of dollars",1697203,1605584,1669583,1754428,1984112,2156096,2494424,2488044,1967573,2079305,2102204,2479048,2478629,2622982,2718831,2672269,2752366,2806089,2798919,2656308,2941834,3550778
 "09001","Fairfield, CT",1,CAGDP2,68,"61,62","  Educational services, health care, and social assistance ","Thousands of dollars",3449165,3689570,3921281,4169230,4333613,4527618,4756785,5287880,5550178,5660925,5761957,5985675,6029221,6157181,6348321,6600143,6798292,7120097,7428822,7244337,7823979,8391945
 "09001","Fairfield, CT",1,CAGDP2,69,"61","   Educational services ","Thousands of dollars",409762,433560,487777,542156,556556,597289,660138,744885,840383,896530,922239,949563,935183,970959,997801,1077169,1094845,1126105,1174083,1122627,1169619,1296565
 "09001","Fairfield, CT",1,CAGDP2,70,"62","   Health care and social assistance ","Thousands of dollars",3039403,3256010,3433504,3627075,3777057,3930329,4096648,4542995,4709796,4764394,4839719,5036112,5094037,5186223,5350521,5522975,5703447,5993992,6254739,6121710,6654360,7095380
 "09001","Fairfield, CT",1,CAGDP2,75,"71,72","  Arts, entertainment, recreation, accommodation, and food services ","Thousands of dollars",1668581,1793916,1844051,1877695,1707867,1821615,1915565,2107778,2313302,2521605,2638184,2891551,2718722,2611073,2679151,2945034,3113598,3153541,3426942,2310698,2822961,3225054
 "09001","Fairfield, CT",1,CAGDP2,76,"71","   Arts, entertainment, and recreation ","Thousands of dollars",759673,806562,854296,782678,729252,790726,783767,865938,918600,917803,942351,1168905,1118707,1153341,1027751,1044867,1091217,1147442,1140299,724585,877136,982794
 "09001","Fairfield, CT",1,CAGDP2,79,"72","   Accommodation and food services ","Thousands of dollars",908909,987354,989755,1095017,978615,1030889,1131797,1241840,1394702,1603803,1695833,1722646,1600015,1457732,1651400,1900168,2022381,2006100,2286643,1586112,1945825,2242260
 "09001","Fairfield, CT",1,CAGDP2,82,"81","  Other services (except government and government enterprises) ","Thousands of dollars",1278525,1373362,1315303,1297718,1341347,1396453,1435022,1406428,1385573,1386359,1412720,1495561,1503961,1544425,1571059,1549156,1647465,1782292,1901189,1693315,1769770,2011850
 "09001","Fairfield, CT",1,CAGDP2,83,"92","Government and government enterprises ","Thousands of dollars",3184921,3410117,3529383,3763668,3932514,4097667,4327806,4472618,4466704,4520970,4359196,4481202,4629097,4945194,5202174,5264704,5372075,5523731,5554581,5581704,5656621,5799173
 "09001","Fairfield, CT",1,CAGDP2,87,"11,21","Natural resources and mining ","Thousands of dollars",48095,(D),(D),(D),(D),(D),(D),(D),(D),(D),(D),(D),83028,81457,74429,38649,66909,47173,59550,76467,59778,68248
 "09001","Fairfield, CT",1,CAGDP2,88,"42,44-45","Trade ","Thousands of dollars",7805021,7553244,7694026,7610938,8040702,8035811,8125173,8355209,8278464,8652452,9203953,9917143,10515426,11039557,11846360,11913038,11779687,11955239,12110150,11776969,13401548,14906074
 "09001","Fairfield, CT",1,CAGDP2,89,"22,48-49","Transportation and utilities ","Thousands of dollars",1379676,1338786,1501712,1721204,2048529,2383902,3124419,3881871,3360873,2659305,1997840,2928539,2551265,3401462,3905163,3284053,2727065,2838083,2572090,2554224,2879004,2961889
 "09001","Fairfield, CT",1,CAGDP2,90,"31-33,51","Manufacturing and information ","Thousands of dollars",9964343,11760402,11500253,13896481,14004028,16237318,18157250,21935207,17178706,16271427,15848288,15163475,14998230,14780280,14729490,14083985,13586249,14325124,14724517,14436278,15950495,16975017
 "09001","Fairfield, CT",1,CAGDP2,91,"...","Private goods-producing industries 2/","Thousands of dollars",9326080,11064938,10868001,13399640,13561935,15976212,17056706,20078911,15041554,13875970,13462926,13073389,12211511,11987879,11294507,10176084,9456644,9593388,9175351,8780086,10149247,11000368
 "09001","Fairfield, CT",1,CAGDP2,92,"...","Private services-providing industries 3/","Thousands of dollars",46917558,45959572,46728260,49234401,52937798,55496158,58968621,58869942,61888026,62291095,60372428,65290626,65464603,68069950,71556903,72973341,77009757,77962923,78122082,75329086,81340391,87568613
 "09003","Hartford, CT",1,CAGDP2,1,"...","All industry total ","Thousands of dollars",48426756,46818689,49105394,54580208,56839595,61696166,66911132,67226938,68532830,70384560,71048385,71803798,70676872,74156662,81136241,82942832,85794244,87497694,89125504,84665985,89962723,97245700
 "09003","Hartford, CT",1,CAGDP2,2,"..."," Private industries ","Thousands of dollars",43267061,41422440,43619816,48872920,50727870,55383672,60265834,60287631,61622107,63510711,64065067,64907722,63491152,66594809,73234556,75019603,77818930,79430287,81073415,76364394,81598217,88474956
 "09003","Hartford, CT",1,CAGDP2,3,"11","  Agriculture, forestry, fishing and hunting ","Thousands of dollars",57132,(D),(D),(D),(D),(D),(D),21292,18209,35325,45820,24587,9077,78999,3584,84239,33685,20795,32105,27816,38002,33785
 "09003","Hartford, CT",1,CAGDP2,6,"21","  Mining, quarrying, and oil and gas extraction ","Thousands of dollars",14800,14291,23021,19711,17347,19829,19892,12884,11623,16517,15623,17307,16520,17329,18277,23127,14049,7079,6986,9675,8238,8268
 "09003","Hartford, CT",1,CAGDP2,10,"22","  Utilities ","Thousands of dollars",449286,394856,391145,444797,477034,308251,325886,407609,391528,349968,313684,355063,343930,354448,262407,229290,206443,208731,211847,194461,229831,204757
 "09003","Hartford, CT",1,CAGDP2,11,"23","  Construction ","Thousands of dollars",1339129,(D),(D),(D),(D),(D),(D),1811661,1712224,1622112,1684637,1457988,1462178,1493158,1735817,1697039,1765849,1837704,1975188,1824684,2042321,2163778
 "09003","Hartford, CT",1,CAGDP2,12,"31-33","  Manufacturing ","Thousands of dollars",6393540,6023106,6572231,6633925,7153656,8583932,8685326,8120982,7275611,8272798,8112107,8694372,8835987,8175077,8909170,7932817,8510260,9792700,10763993,10255310,10861383,12659304
 "09003","Hartford, CT",1,CAGDP2,13,"321,327-339","   Durable goods manufacturing ","Thousands of dollars",5383187,4941361,5375755,5283777,5642527,6148952,(D),(D),(D),(D),(D),(D),7664185,7023669,7510233,6667570,7031454,8069333,8879339,8262803,8941080,10573328
 "09003","Hartford, CT",1,CAGDP2,25,"311-316,322-326","   Nondurable goods manufacturing ","Thousands of dollars",1010353,1081744,1196477,1350148,1511129,2434981,(D),(D),(D),(D),(D),(D),1171802,1151407,1398937,1265247,1478806,1723367,1884653,1992507,1920303,2085976
 "09003","Hartford, CT",1,CAGDP2,34,"42","  Wholesale trade ","Thousands of dollars",2444682,2422408,2581136,2754453,3087751,3450823,3747142,4025845,3816528,4145197,4299449,4709599,4633589,4505980,4382351,3948154,3797731,3807480,3850070,3704628,4040439,4430724
 "09003","Hartford, CT",1,CAGDP2,35,"44-45","  Retail trade ","Thousands of dollars",2618675,2674300,2777724,2907581,3001501,3009454,2898815,2911155,2804259,2901359,2935095,3119358,3243026,3334332,3419741,3498463,3627223,3830486,3878048,3848417,4369306,4498550
 "09003","Hartford, CT",1,CAGDP2,36,"48-49","  Transportation and warehousing ","Thousands of dollars",939967,979506,1010709,1121562,1170719,1239524,1123771,1169754,1164191,1278836,1371402,1326051,1339334,1468047,1548419,1585803,1670003,1882426,2077714,1832677,2334652,2677593
 "09003","Hartford, CT",1,CAGDP2,45,"51","  Information ","Thousands of dollars",1648954,1702134,1873116,2175816,2493632,2751788,3144592,3488142,3487126,3552874,3629745,3751597,4294602,4562758,5199310,5591195,5336501,5244055,5532387,5051836,5304124,5708226
 "09003","Hartford, CT",1,CAGDP2,50,"52,53","  Finance, insurance, real estate, rental, and leasing ","Thousands of dollars",16582498,14871648,15250585,18503742,18148371,19857400,23169242,22369984,24828399,24996776,24977889,23880157,21258664,23268843,27998049,30322602,32076868,31192362,30183562,28590465,29431518,31237132
 "09003","Hartford, CT",1,CAGDP2,51,"52","   Finance and insurance ","Thousands of dollars",10670879,9094371,9659666,12851690,12342038,13962570,16698439,14550503,16716164,16653156,16767541,15736474,13142309,15291574,19687639,21277553,22863030,21488264,20246116,19116562,19416982,20385525
 "09003","Hartford, CT",1,CAGDP2,56,"53","   Real estate and rental and leasing ","Thousands of dollars",5911619,5777277,5590919,5652052,5806333,5894830,6470803,7819481,8112234,8343620,8210349,8143682,8116355,7977269,8310410,9045049,9213837,9704098,9937446,9473903,10014536,10851607
 "09003","Hartford, CT",1,CAGDP2,59,"54,55,56","  Professional and business services ","Thousands of dollars",5004017,5072477,5399626,5896076,6041945,6507020,7168681,7594357,7414938,7471652,7616257,8005352,8176503,9046830,9188261,9251097,9714753,10094886,10540232,10096854,10700843,11520378
 "09003","Hartford, CT",1,CAGDP2,60,"54","   Professional, scientific, and technical services ","Thousands of dollars",3210471,3252537,3374652,3496316,3644236,3760280,4098138,4396843,4174283,4261450,4404811,4691590,4732411,5234747,5404100,5516314,5645459,5856953,6083620,5791215,6116224,6567245
 "09003","Hartford, CT",1,CAGDP2,64,"55","   Management of companies and enterprises ","Thousands of dollars",646374,641084,769505,1045818,918052,1195023,1407642,1420526,1551904,1430960,1404680,1482072,1630481,1914035,1819912,1775189,1925424,2104301,2311825,2302212,2317436,2483179
 "09003","Hartford, CT",1,CAGDP2,65,"56","   Administrative and support and waste management and remediation services ","Thousands of dollars",1147172,1178856,1255469,1353942,1479657,1551717,1662901,1776989,1688751,1779241,1806765,1831690,1813611,1898048,1964249,1959595,2143869,2133631,2144787,2003428,2267183,2469954
 "09003","Hartford, CT",1,CAGDP2,68,"61,62","  Educational services, health care, and social assistance ","Thousands of dollars",3736304,3954438,4140700,4411612,4575713,4863774,5158110,5685796,6072797,6258265,6396244,6685321,6858836,7161691,7119031,7297015,7442042,7785284,8118301,7922054,8498081,9047143
 "09003","Hartford, CT",1,CAGDP2,69,"61","   Educational services ","Thousands of dollars",407196,426827,469637,518655,531469,565083,603306,666073,760076,804460,821780,846039,857439,892786,850401,880306,887010,921967,963910,897062,943357,1012848
 "09003","Hartford, CT",1,CAGDP2,70,"62","   Health care and social assistance ","Thousands of dollars",3329108,3527612,3671063,3892957,4044244,4298690,4554805,5019723,5312721,5453805,5574463,5839281,6001397,6268905,6268630,6416709,6555033,6863317,7154392,7024992,7554724,8034295
 "09003","Hartford, CT",1,CAGDP2,75,"71,72","  Arts, entertainment, recreation, accommodation, and food services ","Thousands of dollars",1247582,1292931,1327452,1341035,1434515,1480590,1438179,1483882,1481037,1513516,1586085,1748967,1808104,1796603,2045926,2097048,2161015,2173432,2346281,1615986,2173912,2577287
 "09003","Hartford, CT",1,CAGDP2,76,"71","   Arts, entertainment, and recreation ","Thousands of dollars",230086,232920,257054,305503,334667,353950,321780,325473,337484,322847,343003,396902,385136,389788,368826,365157,365720,399281,416871,301139,426349,537637
 "09003","Hartford, CT",1,CAGDP2,79,"72","   Accommodation and food services ","Thousands of dollars",1017496,1060012,1070398,1035532,1099849,1126640,1116398,1158409,1143553,1190668,1243082,1352065,1422968,1406815,1677100,1731891,1795294,1774151,1929411,1314847,1747564,2039650
 "09003","Hartford, CT",1,CAGDP2,82,"81","  Other services (except government and government enterprises) ","Thousands of dollars",790494,799862,905528,1119622,1362814,1420383,1388275,1184288,1143637,1095516,1081031,1132006,1210800,1330716,1404214,1461715,1462509,1552868,1556700,1389531,1565566,1708030
 "09003","Hartford, CT",1,CAGDP2,83,"92","Government and government enterprises ","Thousands of dollars",5159695,5396250,5485578,5707289,6111725,6312494,6645298,6939307,6910723,6873850,6983318,6896076,7185721,7561852,7901685,7923229,7975313,8067407,8052089,8301592,8364506,8770744
 "09003","Hartford, CT",1,CAGDP2,87,"11,21","Natural resources and mining ","Thousands of dollars",71932,(D),(D),(D),(D),(D),(D),34176,29832,51842,61443,41893,25598,96328,21860,107365,47734,27874,39091,37491,46240,42054
 "09003","Hartford, CT",1,CAGDP2,88,"42,44-45","Trade ","Thousands of dollars",5063357,5096708,5358860,5662033,6089252,6460277,6645958,6937000,6620787,7046556,7234545,7828956,7876616,7840312,7802092,7446617,7424953,7637966,7728118,7553044,8409745,8929275
 "09003","Hartford, CT",1,CAGDP2,89,"22,48-49","Transportation and utilities ","Thousands of dollars",1389253,1374362,1401854,1566360,1647753,1547775,1449658,1577362,1555719,1628805,1685085,1681114,1683264,1822494,1810826,1815094,1876446,2091156,2289561,2027137,2564483,2882349
 "09003","Hartford, CT",1,CAGDP2,90,"31-33,51","Manufacturing and information ","Thousands of dollars",8042495,7725240,8445347,8809741,9647288,11335721,11829918,11609124,10762737,11825672,11741852,12445969,13130589,12737835,14108480,13524012,13846761,15036755,16296379,15307146,16165507,18367530
 "09003","Hartford, CT",1,CAGDP2,91,"...","Private goods-producing industries 2/","Thousands of dollars",7804602,7257880,7962095,8196624,8933875,10494664,10703139,9966819,9017667,9946751,9858187,10194253,10323763,9764563,10666847,9737221,10323843,11658278,12778272,12117485,12949943,14865136
 "09003","Hartford, CT",1,CAGDP2,92,"...","Private services-providing industries 3/","Thousands of dollars",35462459,34164560,35657721,40676296,41793995,44889008,49562695,50320812,52604440,53563959,54206880,54713469,53167389,56830247,62567709,65282382,67495087,67772009,68295143,64246909,68648273,73609820
 "09005","Litchfield, CT",1,CAGDP2,1,"...","All industry total ","Thousands of dollars",6025544,6190119,6308604,6423123,6584200,6931025,6934915,7275836,7177119,7497834,7682557,7783543,7841385,7823824,7989266,8050941,8067891,8323196,8717831,8718234,9732360,10737359
 "09005","Litchfield, CT",1,CAGDP2,2,"..."," Private industries ","Thousands of dollars",5502251,5643587,5747667,5836284,5956739,6284487,6249902,6565321,6463298,6785465,6999483,7086638,7099703,7048241,7191092,7248235,7252628,7495914,7890861,7878137,8884774,9857484
 "09005","Litchfield, CT",1,CAGDP2,3,"11","  Agriculture, forestry, fishing and hunting ","Thousands of dollars",(D),(D),(D),(D),(D),(D),(D),(D),(D),(D),(D),(D),(D),(D),(D),(D),(D),(D),(D),(D),4751,8633
 "09005","Litchfield, CT",1,CAGDP2,6,"21","  Mining, quarrying, and oil and gas extraction ","Thousands of dollars",15400,16447,18391,18076,20054,24981,25843,20770,18111,24154,20501,26145,22026,25588,33569,43126,26278,28951,28534,38969,(D),(D)
 "09005","Litchfield, CT",1,CAGDP2,10,"22","  Utilities ","Thousands of dollars",26256,27314,30173,(D),(D),(D),(D),(D),(D),30444,(D),(D),(D),48770,(D),(D),(D),(D),(D),(D),(D),(D)
 "09005","Litchfield, CT",1,CAGDP2,11,"23","  Construction ","Thousands of dollars",529319,562391,594160,621699,631278,693674,680205,632014,613565,645511,669165,738498,(D),(D),(D),(D),644177,(D),(D),640472,660499,(D)
 "09005","Litchfield, CT",1,CAGDP2,12,"31-33","  Manufacturing ","Thousands of dollars",1127961,1052072,1037437,1023988,1036111,1126041,1049731,1042223,877539,960432,1005226,1004617,1091581,1072517,1087604,(D),(D),(D),(D),1262873,1319805,1413259
 "09005","Litchfield, CT",1,CAGDP2,13,"321,327-339","   Durable goods manufacturing ","Thousands of dollars",(D),(D),(D),(D),(D),(D),(D),(D),(D),(D),(D),(D),818071,805737,799099,783496,800438,842541,866908,815053,796356,880756
 "09005","Litchfield, CT",1,CAGDP2,25,"311-316,322-326","   Nondurable goods manufacturing ","Thousands of dollars",(D),(D),(D),(D),(D),(D),(D),(D),(D),(D),(D),(D),273510,266780,288505,(D),(D),(D),(D),447820,523449,532503
 "09005","Litchfield, CT",1,CAGDP2,34,"42","  Wholesale trade ","Thousands of dollars",188549,190507,213606,211820,(D),(D),(D),(D),(D),(D),(D),(D),(D),(D),(D),(D),(D),(D),(D),(D),(D),(D)
 "09005","Litchfield, CT",1,CAGDP2,35,"44-45","  Retail trade ","Thousands of dollars",545147,561932,595943,602537,625080,618630,599744,557537,500457,487138,503173,593969,618421,644622,695464,735524,744593,746637,729168,803665,1013109,997411
 "09005","Litchfield, CT",1,CAGDP2,36,"48-49","  Transportation and warehousing ","Thousands of dollars",(D),(D),(D),(D),112585,122789,118940,117335,108856,105521,112377,120722,123367,119066,123931,107913,123276,139179,148823,158386,204255,221803
 "09005","Litchfield, CT",1,CAGDP2,45,"51","  Information ","Thousands of dollars",106744,96425,109891,137097,128328,140322,163680,168513,159837,165944,166364,178398,215833,196858,191721,148534,123739,114384,124436,134619,169863,180468
 "09005","Litchfield, CT",1,CAGDP2,50,"52,53","  Finance, insurance, real estate, rental, and leasing ","Thousands of dollars",1237631,1275273,1286921,1319599,1309163,1361014,1382265,1701127,1849294,1944536,1973252,1787988,1767651,1788649,1826418,1926360,1938878,2008381,2103532,2011635,2086693,2261796
 "09005","Litchfield, CT",1,CAGDP2,51,"52","   Finance and insurance ","Thousands of dollars",208511,233979,227253,220835,210864,225322,215606,196467,252507,276682,275956,260288,250454,243253,267538,307918,371288,342390,341484,390923,352010,401557
 "09005","Litchfield, CT",1,CAGDP2,56,"53","   Real estate and rental and leasing ","Thousands of dollars",1029120,1041294,1059668,1098764,1098299,1135692,1166660,1504661,1596787,1667854,1697297,1527700,1517197,1545396,1558881,1618442,1567590,1665991,1762048,1620711,1734683,1860239
 "09005","Litchfield, CT",1,CAGDP2,59,"54,55,56","  Professional and business services ","Thousands of dollars",(D),532266,527345,(D),(D),520426,521347,550786,507704,(D),536098,558387,535167,562714,581907,613143,650165,669606,677189,644085,749319,883710
 "09005","Litchfield, CT",1,CAGDP2,60,"54","   Professional, scientific, and technical services ","Thousands of dollars",299105,318509,300184,(D),282048,278592,286978,307170,274701,277385,277537,283178,275547,298815,307839,338743,359974,374048,383919,351478,419669,488587
 "09005","Litchfield, CT",1,CAGDP2,64,"55","   Management of companies and enterprises ","Thousands of dollars",(D),96190,100819,(D),(D),85041,63544,71113,68443,64035,62531,66701,65425,64962,67669,70208,79837,82582,70953,83230,90079,102302
 "09005","Litchfield, CT",1,CAGDP2,65,"56","   Administrative and support and waste management and remediation services ","Thousands of dollars",112142,117567,126342,133721,140425,156793,170825,172502,164561,(D),196030,208507,194195,198938,206399,204191,210354,212976,222317,209377,239571,292820
 "09005","Litchfield, CT",1,CAGDP2,68,"61,62","  Educational services, health care, and social assistance ","Thousands of dollars",510490,539148,575079,619618,637953,673054,695839,752611,787550,808285,818429,828717,811555,821648,827608,858957,869777,906587,967037,988696,1050543,1101655
 "09005","Litchfield, CT",1,CAGDP2,69,"61","   Educational services ","Thousands of dollars",102806,104181,111845,120154,120191,123614,125905,144099,157351,165362,177421,183743,179473,180845,179596,194692,188260,193668,217743,210622,225591,243277
 "09005","Litchfield, CT",1,CAGDP2,70,"62","   Health care and social assistance ","Thousands of dollars",407684,434967,463234,499464,517761,549440,569935,608512,630200,642923,641008,644974,632082,640803,648011,664265,681517,712920,749294,778074,824951,858378
 "09005","Litchfield, CT",1,CAGDP2,75,"71,72","  Arts, entertainment, recreation, accommodation, and food services ","Thousands of dollars",340177,366419,357220,338865,384906,397651,403026,407662,431213,467908,518361,521952,497585,(D),468065,451316,430956,421957,547659,619585,960526,1376111
 "09005","Litchfield, CT",1,CAGDP2,76,"71","   Arts, entertainment, and recreation ","Thousands of dollars",180871,197366,193175,190029,232115,245416,251234,248209,272739,306988,346012,332117,301293,240369,245272,214725,182693,164561,268836,417735,676924,1056504
 "09005","Litchfield, CT",1,CAGDP2,79,"72","   Accommodation and food services ","Thousands of dollars",159306,169054,164045,148836,152791,152235,151793,159453,158474,160920,172348,189835,196291,(D),222792,236591,248263,257396,278824,201850,283603,319607
 "09005","Litchfield, CT",1,CAGDP2,82,"81","  Other services (except government and government enterprises) ","Thousands of dollars",205483,228979,213228,203708,216968,230823,227592,211851,210568,223333,219431,223872,224649,241976,248477,255355,256932,270272,274764,243476,278972,302443
 "09005","Litchfield, CT",1,CAGDP2,83,"92","Government and government enterprises ","Thousands of dollars",523294,546532,560937,586839,627460,646538,685014,710516,713821,712368,683075,696905,741682,775583,798174,802706,815263,827281,826971,840097,847586,879874
 "09005","Litchfield, CT",1,CAGDP2,87,"11,21","Natural resources and mining ","Thousands of dollars",(D),(D),(D),(D),(D),(D),(D),(D),(D),(D),(D),(D),(D),(D),(D),(D),(D),(D),(D),(D),(D),(D)
 "09005","Litchfield, CT",1,CAGDP2,88,"42,44-45","Trade ","Thousands of dollars",733696,752439,809549,814358,(D),(D),(D),(D),(D),(D),(D),(D),(D),(D),(D),(D),(D),(D),(D),(D),(D),(D)
 "09005","Litchfield, CT",1,CAGDP2,89,"22,48-49","Transportation and utilities ","Thousands of dollars",(D),(D),(D),(D),(D),(D),(D),(D),(D),135965,(D),(D),(D),167836,(D),(D),(D),(D),(D),(D),(D),(D)
 "09005","Litchfield, CT",1,CAGDP2,90,"31-33,51","Manufacturing and information ","Thousands of dollars",1234704,1148496,1147328,1161085,1164439,1266364,1213411,1210736,1037377,1126376,1171589,1183015,1307415,1269375,1279325,(D),(D),(D),(D),1397492,1489668,1593727
 "09005","Litchfield, CT",1,CAGDP2,91,"...","Private goods-producing industries 2/","Thousands of dollars",(D),(D),(D),(D),(D),(D),(D),(D),(D),(D),(D),(D),(D),(D),(D),1850309,1818183,1915420,2011158,(D),(D),(D)
 "09005","Litchfield, CT",1,CAGDP2,92,"...","Private services-providing industries 3/","Thousands of dollars",(D),(D),(D),(D),(D),(D),(D),(D),(D),(D),(D),(D),(D),(D),(D),5397926,5434445,5580494,5879702,(D),(D),(D)
 "09007","Middlesex, CT",1,CAGDP2,1,"...","All industry total ","Thousands of dollars",7100578,6869501,6844492,7695613,8301809,9124084,8855396,8650835,8154937,8026968,8169283,8610389,8696786,8883710,9306652,9274715,9484913,9914394,10207022,9804498,10313519,11320405
 "09007","Middlesex, CT",1,CAGDP2,2,"..."," Private industries ","Thousands of dollars",6396158,6139310,6092302,6898919,7447095,8245689,7890249,7636901,7132701,7021664,7156544,7591312,7629608,7792691,8158409,8129235,8365975,8834076,9135892,8718163,9216018,10201444
 "09007","Middlesex, CT",1,CAGDP2,3,"11","  Agriculture, forestry, fishing and hunting ","Thousands of dollars",(D),15920,14233,(D),(D),16469,20227,20710,38304,45420,44797,(D),61333,48016,10441,32554,(D),28329,44644,26383,33676,27267
 "09007","Middlesex, CT",1,CAGDP2,6,"21","  Mining, quarrying, and oil and gas extraction ","Thousands of dollars",4562,5239,2811,1407,1171,1443,1449,137,193,595,2016,1953,1165,2408,3433,1823,1436,1393,1351,1273,1231,(D)
 "09007","Middlesex, CT",1,CAGDP2,10,"22","  Utilities ","Thousands of dollars",(D),64085,72686,(D),(D),85330,90374,59212,58952,74363,225093,(D),332434,357683,435181,415984,472959,286816,241011,257438,293231,286692
 "09007","Middlesex, CT",1,CAGDP2,11,"23","  Construction ","Thousands of dollars",270282,258555,286983,326227,311379,351924,386862,388810,374458,392824,315153,401787,417802,512556,473504,492312,(D),514085,505419,468761,510519,(D)
 "09007","Middlesex, CT",1,CAGDP2,12,"31-33","  Manufacturing ","Thousands of dollars",1231468,1373583,1386216,1654503,1628628,1825817,1867733,1592058,1210700,1228419,1254017,1458633,1475516,1398759,1552717,1428735,1558028,1875840,1992818,1720191,1857064,2200154
 "09007","Middlesex, CT",1,CAGDP2,13,"321,327-339","   Durable goods manufacturing ","Thousands of dollars",854674,772609,822082,830595,917684,994938,1061992,1091555,1027572,1115413,1161820,1348623,1320714,1241916,1376849,1277253,1384101,1659525,1738593,1513739,1677448,2004250
 "09007","Middlesex, CT",1,CAGDP2,25,"311-316,322-326","   Nondurable goods manufacturing ","Thousands of dollars",376794,600974,564134,823908,710944,830879,805741,500503,183127,113007,92197,110009,154802,156843,175868,151482,173927,216315,254225,206451,179616,195904
 "09007","Middlesex, CT",1,CAGDP2,34,"42","  Wholesale trade ","Thousands of dollars",250051,268471,285778,302347,331754,365359,397979,450309,452574,496047,505251,(D),532711,496951,498196,451191,436313,439992,467190,459520,486699,520777
 "09007","Middlesex, CT",1,CAGDP2,35,"44-45","  Retail trade ","Thousands of dollars",410456,426428,448709,478554,493006,498464,496223,485459,496014,521473,509445,532074,544232,568349,597498,613443,640418,672851,700711,678098,743669,829471
 "09007","Middlesex, CT",1,CAGDP2,36,"48-49","  Transportation and warehousing ","Thousands of dollars",71758,69682,72704,79973,82186,92219,79695,81016,79533,92566,104807,94696,135222,102128,107021,99714,84077,110139,144063,120482,190791,216837
 "09007","Middlesex, CT",1,CAGDP2,45,"51","  Information ","Thousands of dollars",115832,122874,139336,160899,156751,155076,175470,165379,158746,141025,130589,144813,174735,198257,184816,164678,136849,128321,137317,141540,175935,188114
 "09007","Middlesex, CT",1,CAGDP2,50,"52,53","  Finance, insurance, real estate, rental, and leasing ","Thousands of dollars",2485498,2015567,1828261,2195425,2648700,3083401,2480928,2346096,2199903,1893131,1878406,1711217,1703490,1788121,1837743,1874248,1912328,2119587,2102617,2237102,2000829,2144416
 "09007","Middlesex, CT",1,CAGDP2,51,"52","   Finance and insurance ","Thousands of dollars",1594028,1108373,922795,1240753,1667219,2098559,1323509,1042006,868221,436971,347621,324364,316346,370030,465735,492506,514781,500049,480308,468931,486030,563409
 "09007","Middlesex, CT",1,CAGDP2,56,"53","   Real estate and rental and leasing ","Thousands of dollars",891470,907194,905466,954673,981481,984841,1157419,1304090,1331683,1456160,1530785,1386852,1387144,1418091,1372008,1381743,1397547,1619538,1622309,1768171,1514799,1581007
 "09007","Middlesex, CT",1,CAGDP2,59,"54,55,56","  Professional and business services ","Thousands of dollars",(D),430897,447169,(D),(D),528010,598678,668672,629979,645741,664560,660321,642494,689938,753256,781565,780478,793182,869605,860673,976141,1110652
 "09007","Middlesex, CT",1,CAGDP2,60,"54","   Professional, scientific, and technical services ","Thousands of dollars",265561,277882,279228,293911,308309,336591,350330,419299,399767,408330,420340,416510,425169,438717,471421,495060,507497,496875,515763,526056,589558,668040
 "09007","Middlesex, CT",1,CAGDP2,64,"55","   Management of companies and enterprises ","Thousands of dollars",(D),17099,15907,(D),(D),16377,42370,44060,50599,55373,69134,90531,62122,65156,91158,89500,71714,79801,132280,101142,101616,151251
 "09007","Middlesex, CT",1,CAGDP2,65,"56","   Administrative and support and waste management and remediation services ","Thousands of dollars",111259,135915,152034,178589,180896,175042,205979,205312,179613,182038,175085,153280,155203,186066,190677,197004,201268,216506,221561,233474,284966,291361
 "09007","Middlesex, CT",1,CAGDP2,68,"61,62","  Educational services, health care, and social assistance ","Thousands of dollars",584478,620773,646181,670119,695710,754279,812187,876831,928582,954802,977763,1017011,1040275,1052498,1089686,1129937,1156280,1194413,1229654,1203839,1227140,1301155
 "09007","Middlesex, CT",1,CAGDP2,69,"61","   Educational services ","Thousands of dollars",96745,108650,121304,123200,119296,135310,154724,168935,182203,188682,189242,187546,179204,178706,193694,201033,200442,208375,218836,206586,222260,241961
 "09007","Middlesex, CT",1,CAGDP2,70,"62","   Health care and social assistance ","Thousands of dollars",487732,512123,524876,546919,576415,618969,657464,707896,746379,766120,788521,829466,861071,873793,895992,928904,955837,986037,1010818,997254,1004880,1059194
 "09007","Middlesex, CT",1,CAGDP2,75,"71,72","  Arts, entertainment, recreation, accommodation, and food services ","Thousands of dollars",244236,255642,265696,274344,292304,299523,293854,311123,314064,332400,338323,369646,363497,363277,395043,419657,445038,427461,448454,322417,458600,541775
 "09007","Middlesex, CT",1,CAGDP2,76,"71","   Arts, entertainment, and recreation ","Thousands of dollars",73726,77266,88221,95901,101193,97815,89302,96047,98595,108971,104883,117647,104416,103523,102545,109105,110560,116140,111478,86743,124467,158748
 "09007","Middlesex, CT",1,CAGDP2,79,"72","   Accommodation and food services ","Thousands of dollars",170510,178375,177475,178443,191110,201708,204553,215076,215469,223429,233440,252000,259080,259754,292499,310552,334478,311322,336976,235674,334132,383027
 "09007","Middlesex, CT",1,CAGDP2,82,"81","  Other services (except government and government enterprises) ","Thousands of dollars",191527,211594,195539,179546,179167,188375,188588,191089,190697,202857,206324,204244,204701,213749,219874,223393,232652,241667,251039,220445,260495,276618
 "09007","Middlesex, CT",1,CAGDP2,83,"92","Government and government enterprises ","Thousands of dollars",704419,730191,752190,796693,854714,878396,965147,1013935,1022236,1005304,1012739,1019077,1067178,1091019,1148243,1145481,1118938,1080318,1071129,1086336,1097501,1118961
 "09007","Middlesex, CT",1,CAGDP2,87,"11,21","Natural resources and mining ","Thousands of dollars",(D),21159,17045,(D),(D),17912,21677,20847,38497,46015,46813,(D),62498,50424,13874,34377,(D),29722,45994,27655,34907,(D)
 "09007","Middlesex, CT",1,CAGDP2,88,"42,44-45","Trade ","Thousands of dollars",660507,694899,734487,780901,824761,863824,894202,935768,948588,1017520,1014696,(D),1076944,1065300,1095694,1064634,1076731,1112843,1167901,1137618,1230367,1350247
 "09007","Middlesex, CT",1,CAGDP2,89,"22,48-49","Transportation and utilities ","Thousands of dollars",(D),133767,145390,(D),(D),177549,170070,140228,138485,166929,329900,(D),467656,459811,542202,515698,557036,396955,385074,377920,484022,503530
 "09007","Middlesex, CT",1,CAGDP2,90,"31-33,51","Manufacturing and information ","Thousands of dollars",1347301,1496457,1525552,1815402,1785379,1980893,2043203,1757437,1369446,1369445,1384606,1603445,1650250,1597016,1737533,1593413,1694877,2004161,2130136,1861731,2032999,2388269
 "09007","Middlesex, CT",1,CAGDP2,91,"...","Private goods-producing industries 2/","Thousands of dollars",(D),1653297,1690243,(D),(D),2195654,2276271,2001714,1623655,1667258,1615984,(D),1955815,1961740,2040094,1955424,2068583,2419647,2544231,2216607,2402490,2784936
 "09007","Middlesex, CT",1,CAGDP2,92,"...","Private services-providing industries 3/","Thousands of dollars",(D),4486013,4402059,(D),(D),6050035,5613978,5635186,5509045,5354406,5540560,(D),5673792,5830951,6118315,6173811,6297392,6414429,6591661,6501555,6813528,7416508
 "09009","New Haven, CT",1,CAGDP2,1,"...","All industry total ","Thousands of dollars",32748410,34081618,34852993,37930942,39259961,41416040,42792497,43466494,41943250,42718681,43010619,43816944,44965748,45611138,47298071,48818323,49698505,51723181,53660793,53226837,57360075,61456416
 "09009","New Haven, CT",1,CAGDP2,2,"..."," Private industries ","Thousands of dollars",29216590,30400620,31057504,33966861,35119092,37115826,38262216,38663074,37123119,37811915,37970923,38811821,39841296,40315750,41746770,43281958,44027695,45974103,47930202,47407382,51424598,55332698
 "09009","New Haven, CT",1,CAGDP2,3,"11","  Agriculture, forestry, fishing and hunting ","Thousands of dollars",30587,19261,29564,42301,56573,58548,59108,60908,70409,74067,56523,51283,65287,42144,74395,28565,75510,73609,72406,83504,103860,27044
 "09009","New Haven, CT",1,CAGDP2,6,"21","  Mining, quarrying, and oil and gas extraction ","Thousands of dollars",35181,37877,39675,38579,44117,56493,66559,56162,47786,64248,52422,60392,53731,62320,82136,106861,64025,68245,67598,31833,22976,27357
 "09009","New Haven, CT",1,CAGDP2,10,"22","  Utilities ","Thousands of dollars",284303,230141,202392,307464,408472,430718,456038,358623,488428,496225,555704,499838,582416,547312,567065,544440,573414,809064,878743,1139807,1103378,1134218
 "09009","New Haven, CT",1,CAGDP2,11,"23","  Construction ","Thousands of dollars",1205536,1152756,1172743,1346936,1450271,1565111,1734485,1581434,1441322,1245668,1204841,1325388,1362042,1386900,1431083,1644389,1722682,1735333,1808396,1775254,1871440,1847969
 "09009","New Haven, CT",1,CAGDP2,12,"31-33","  Manufacturing ","Thousands of dollars",4651214,5202130,4923589,5903776,6048694,7142696,6666126,5646192,3935223,4109683,4061505,4192774,5178261,4930887,4924062,4951558,5348308,5702122,6060602,5636953,5632801,6216826
 "09009","New Haven, CT",1,CAGDP2,13,"321,327-339","   Durable goods manufacturing ","Thousands of dollars",2855596,2624574,2600538,2768501,2925823,2975174,3030606,3275821,3144291,3420486,3422073,3546753,4074805,4090534,3884586,4040603,4235456,4286852,4445760,4147789,4244291,4680077
 "09009","New Haven, CT",1,CAGDP2,25,"311-316,322-326","   Nondurable goods manufacturing ","Thousands of dollars",1795618,2577556,2323051,3135274,3122871,4167522,3635519,2370371,790932,689197,639432,646021,1103456,840354,1039476,910955,1112851,1415270,1614843,1489164,1388510,1536749
 "09009","New Haven, CT",1,CAGDP2,34,"42","  Wholesale trade ","Thousands of dollars",1774636,1745578,1901003,2149293,2456294,2761039,2988768,3121561,2909856,3070670,3172046,3393109,3171929,2878069,2694174,2496309,2345668,2427453,2419201,2433862,2718317,2934540
 "09009","New Haven, CT",1,CAGDP2,35,"44-45","  Retail trade ","Thousands of dollars",2332392,2455245,2519272,2656434,2693607,2709867,2697534,2623170,2629910,2652515,2605852,2698362,2753686,2809649,2954230,3040866,3187014,3284139,3370165,3405771,3897863,4046570
 "09009","New Haven, CT",1,CAGDP2,36,"48-49","  Transportation and warehousing ","Thousands of dollars",538142,539850,636124,664822,681232,688470,651320,687214,646616,666437,703835,644986,781862,806261,819563,876161,933880,1082929,1219624,1274349,1620428,1884759
 "09009","New Haven, CT",1,CAGDP2,45,"51","  Information ","Thousands of dollars",1871757,2008117,2133627,2266200,2402093,2386620,2341592,2287127,2064605,2000247,1886089,1551618,1579973,1530756,1733328,1778866,1682964,1686541,2062025,2130246,2456664,2551216
 "09009","New Haven, CT",1,CAGDP2,50,"52,53","  Finance, insurance, real estate, rental, and leasing ","Thousands of dollars",7327851,7372768,7264667,7767455,7755560,7726254,8301008,9118238,9487309,9641501,9461547,9235872,8943428,9267398,9866439,10775100,10629858,11421922,11681092,11891882,12364958,13067255
 "09009","New Haven, CT",1,CAGDP2,51,"52","   Finance and insurance ","Thousands of dollars",1944980,1942289,2036686,2283830,2129094,2313404,2355023,2024719,1913248,1772167,1732032,1856755,1819459,2206476,2688399,2763927,2719451,2731554,2700819,2657155,2902082,2938555
 "09009","New Haven, CT",1,CAGDP2,56,"53","   Real estate and rental and leasing ","Thousands of dollars",5382870,5430479,5227982,5483625,5626466,5412850,5945985,7093519,7574061,7869333,7729515,7379117,7123969,7060922,7178040,8011173,7910406,8690368,8980272,9234728,9462876,10128700
 "09009","New Haven, CT",1,CAGDP2,59,"54,55,56","  Professional and business services ","Thousands of dollars",3139068,3173448,3418797,3597045,3693658,3788316,4213241,4447292,4202224,4302271,4454506,4809481,4831696,5280202,5524537,5629921,5813910,5700664,5660301,5524503,6108656,6906124
 "09009","New Haven, CT",1,CAGDP2,60,"54","   Professional, scientific, and technical services ","Thousands of dollars",1975565,1989753,2120948,2230764,2268321,2329196,2493255,2718904,2537941,2505231,2595624,2696596,2653389,2903457,3020477,3017449,3047094,3044218,3092992,3006135,3562986,3996559
 "09009","New Haven, CT",1,CAGDP2,64,"55","   Management of companies and enterprises ","Thousands of dollars",411646,401932,463657,452799,427709,409183,503723,472952,498004,575343,616387,791630,796362,903319,1004575,1036937,1100696,926601,829801,796586,619436,788371
 "09009","New Haven, CT",1,CAGDP2,65,"56","   Administrative and support and waste management and remediation services ","Thousands of dollars",751857,781764,834191,913482,997628,1049937,1216263,1255436,1166279,1221697,1242496,1321256,1381945,1473425,1499485,1575536,1666120,1729846,1737508,1721782,1926234,2121194
 "09009","New Haven, CT",1,CAGDP2,68,"61,62","  Educational services, health care, and social assistance ","Thousands of dollars",4333674,4647733,4965303,5261499,5424419,5770618,6076504,6633138,7137505,7432030,7642909,8028326,8183836,8403059,8553504,8800208,8920502,9123580,9606463,9646508,10313967,11145288
 "09009","New Haven, CT",1,CAGDP2,69,"61","   Educational services ","Thousands of dollars",1367482,1438230,1591556,1725954,1738524,1873323,2010514,2273370,2597814,2726362,2793606,2964163,3085492,3233334,3292385,3354519,3393552,3550691,3818793,3765314,4048424,4448816
 "09009","New Haven, CT",1,CAGDP2,70,"62","   Health care and social assistance ","Thousands of dollars",2966192,3209503,3373747,3535546,3685895,3897295,4065990,4359768,4539690,4705668,4849303,5064163,5098344,5169725,5261119,5445688,5526950,5572889,5787670,5881195,6265543,6696472
 "09009","New Haven, CT",1,CAGDP2,75,"71,72","  Arts, entertainment, recreation, accommodation, and food services ","Thousands of dollars",857057,916652,987225,1096238,1144689,1144650,1094384,1105210,1122591,1134539,1191471,1362418,1390782,1359085,1466028,1525415,1631982,1720438,1870476,1403851,2043140,2264407
 "09009","New Haven, CT",1,CAGDP2,76,"71","   Arts, entertainment, and recreation ","Thousands of dollars",229242,236780,276501,311778,300639,302405,277302,268035,269722,277688,296296,347996,321060,329931,310634,304973,328981,352961,353306,248544,310460,367918
 "09009","New Haven, CT",1,CAGDP2,79,"72","   Accommodation and food services ","Thousands of dollars",627815,679872,710724,784460,844049,842245,817081,837175,852869,856851,895175,1014422,1069723,1029154,1155394,1220442,1303000,1367478,1517170,1155307,1732680,1896489
 "09009","New Haven, CT",1,CAGDP2,82,"81","  Other services (except government and government enterprises) ","Thousands of dollars",835192,899064,863523,868820,859414,886426,915548,936805,939337,921814,921674,957972,962366,1011708,1056225,1083300,1097979,1138066,1153109,1029057,1166152,1279124
 "09009","New Haven, CT",1,CAGDP2,83,"92","Government and government enterprises ","Thousands of dollars",3531820,3680998,3795489,3964082,4140869,4300215,4530281,4803420,4820131,4906766,5039696,5005123,5124451,5295388,5551301,5536365,5670810,5749078,5730591,5819455,5935476,6123718
 "09009","New Haven, CT",1,CAGDP2,87,"11,21","Natural resources and mining ","Thousands of dollars",65768,57139,69239,80880,100690,115040,125667,117070,118195,138315,108945,111675,119019,104464,156531,135426,139535,141853,140004,115337,126836,54401
 "09009","New Haven, CT",1,CAGDP2,88,"42,44-45","Trade ","Thousands of dollars",4107028,4200822,4420275,4805727,5149901,5470906,5686302,5744731,5539766,5723186,5777898,6091471,5925616,5687719,5648404,5537175,5532683,5711591,5789366,5839633,6616180,6981110
 "09009","New Haven, CT",1,CAGDP2,89,"22,48-49","Transportation and utilities ","Thousands of dollars",822445,769991,838516,972286,1089704,1119188,1107358,1045837,1135044,1162662,1259539,1144824,1364278,1353572,1386628,1420601,1507294,1891993,2098367,2414156,2723806,3018977
 "09009","New Haven, CT",1,CAGDP2,90,"31-33,51","Manufacturing and information ","Thousands of dollars",6522971,7210247,7057216,8169976,8450786,9529316,9007718,7933319,5999827,6109930,5947594,5744392,6758234,6461643,6657391,6730423,7031272,7388663,8122628,7767198,8089465,8768042
 "09009","New Haven, CT",1,CAGDP2,91,"...","Private goods-producing industries 2/","Thousands of dollars",5922518,6412025,6165570,7331591,7599655,8822847,8526278,7344696,5494739,5493666,5375291,5629837,6659322,6422251,6511676,6731372,7210525,7579307,8009003,7527544,7631077,8119196
 "09009","New Haven, CT",1,CAGDP2,92,"...","Private services-providing industries 3/","Thousands of dollars",23294072,23988595,24891934,26635269,27519437,28292979,29735938,31318378,31628380,32318249,32595633,33181983,33181975,33893499,35235094,36550586,36817170,38394796,39921199,39879837,43793522,47213502
 "09011","New London, CT",1,CAGDP2,1,"...","All industry total ","Thousands of dollars",11025757,11780013,12672303,14468807,15389769,16788919,18384069,17648199,16003319,15987547,16077368,16162206,16975325,16438958,17324858,17602766,18942592,19652147,20014391,19068601,20253402,22048687
 "09011","New London, CT",1,CAGDP2,2,"..."," Private industries ","Thousands of dollars",8382308,8898474,9639415,11121455,11592522,12760537,14150963,13249762,11707787,11709851,11621945,11790254,12492957,12316410,13140539,13272773,14463508,15471725,16043485,15330768,16182726,17902464
 "09011","New London, CT",1,CAGDP2,3,"11","  Agriculture, forestry, fishing and hunting ","Thousands of dollars",54962,19865,70863,100579,69886,73743,109199,149579,117387,95807,97802,117108,162472,36066,201081,58088,138648,154741,124388,127603,145127,333230
 "09011","New London, CT",1,CAGDP2,6,"21","  Mining, quarrying, and oil and gas extraction ","Thousands of dollars",7185,5855,7798,7653,8533,15905,17447,12506,11697,15715,11518,14604,14228,15497,21165,23847,15126,14750,14129,23648,20203,19537
 "09011","New London, CT",1,CAGDP2,10,"22","  Utilities ","Thousands of dollars",1223967,1030880,1255840,1274511,1338091,1502284,1625905,1257048,1663599,1719558,1702206,1544761,1709960,1670405,1690954,1671651,1935007,1588489,1586012,1764738,1791942,1809246
 "09011","New London, CT",1,CAGDP2,11,"23","  Construction ","Thousands of dollars",217718,231300,233702,406591,464421,322531,452451,454864,418488,388035,393983,441561,422786,416528,424751,474667,425531,407902,462868,356417,431829,464421
 "09011","New London, CT",1,CAGDP2,12,"31-33","  Manufacturing ","Thousands of dollars",1816843,2109523,2390068,3293382,3328707,4154527,4812421,3623151,1623649,1594181,1464073,1558503,2180726,2260548,2653098,2603652,3326543,4409281,4636416,4469469,4563197,5174181
 "09011","New London, CT",1,CAGDP2,13,"321,327-339","   Durable goods manufacturing ","Thousands of dollars",(D),(D),(D),(D),(D),(D),(D),(D),(D),(D),(D),(D),1480978,1593575,1916614,1938662,2372083,3097912,3432863,3066835,3323063,3811598
 "09011","New London, CT",1,CAGDP2,25,"311-316,322-326","   Nondurable goods manufacturing ","Thousands of dollars",(D),(D),(D),(D),(D),(D),(D),(D),(D),(D),(D),(D),699748,666973,736484,664990,954461,1311370,1203553,1402634,1240134,1362584
 "09011","New London, CT",1,CAGDP2,34,"42","  Wholesale trade ","Thousands of dollars",194316,203087,226216,263916,352444,464024,578227,692030,696429,746383,775366,857214,760473,696944,656210,581062,524779,502331,504094,490003,534406,612611
 "09011","New London, CT",1,CAGDP2,35,"44-45","  Retail trade ","Thousands of dollars",688643,721430,796864,831903,853615,841892,852998,801876,784975,797329,801577,815787,847257,860949,915535,939649,975454,1001633,1036041,1013573,1096026,1195025
 "09011","New London, CT",1,CAGDP2,36,"48-49","  Transportation and warehousing ","Thousands of dollars",152812,154819,177346,191589,194672,212188,237590,266664,278243,289067,293893,286224,258437,261542,282798,294025,322541,326596,309588,280024,355444,373320
 "09011","New London, CT",1,CAGDP2,45,"51","  Information ","Thousands of dollars",199404,207408,223436,265018,280137,307737,374662,352159,324099,279668,242748,284034,300703,280956,266100,300049,329664,360525,387262,393824,472022,546306
 "09011","New London, CT",1,CAGDP2,50,"52,53","  Finance, insurance, real estate, rental, and leasing ","Thousands of dollars",1634612,1765186,1702973,1776935,1848440,1875172,1944477,2294995,2336219,2395761,2413492,2367885,2269352,2232331,2328976,2419991,2484458,2550742,2771330,2676125,2533587,2728773
 "09011","New London, CT",1,CAGDP2,51,"52","   Finance and insurance ","Thousands of dollars",284204,292268,287634,300261,283089,307525,283225,265844,304136,292200,286198,300007,294451,305510,332010,336113,366743,374325,363240,365569,385180,439927
 "09011","New London, CT",1,CAGDP2,56,"53","   Real estate and rental and leasing ","Thousands of dollars",1350409,1472918,1415340,1476674,1565350,1567648,1661253,2029151,2032083,2103561,2127294,2067877,1974901,1926822,1996966,2083878,2117715,2176417,2408089,2310555,2148407,2288846
 "09011","New London, CT",1,CAGDP2,59,"54,55,56","  Professional and business services ","Thousands of dollars",757292,888858,892180,911676,924767,977551,1103498,1187245,1154253,1130875,1141241,1130682,1160904,1166914,1164533,1145845,1166721,1229012,1254181,1214483,1353380,1497824
 "09011","New London, CT",1,CAGDP2,60,"54","   Professional, scientific, and technical services ","Thousands of dollars",534616,654128,668655,695915,705350,746347,843818,927238,916910,903475,917763,893438,914356,900761,889565,855906,865097,838366,865342,837410,946809,1050475
 "09011","New London, CT",1,CAGDP2,64,"55","   Management of companies and enterprises ","Thousands of dollars",18724,29842,27532,27958,29542,31072,37107,36182,35828,42515,45062,54739,52927,64489,70837,83717,75112,149626,135968,128191,130737,138576
 "09011","New London, CT",1,CAGDP2,65,"56","   Administrative and support and waste management and remediation services ","Thousands of dollars",203953,204888,195993,187804,189875,200133,222573,223825,201516,184885,178416,182505,193621,201664,204131,206221,226512,241020,252871,248882,275834,308773
 "09011","New London, CT",1,CAGDP2,68,"61,62","  Educational services, health care, and social assistance ","Thousands of dollars",836032,890067,939509,977650,1011576,1072954,1122150,1228517,1308383,1347923,1382507,1410164,1420056,1425136,1433801,1486235,1533560,1572760,1701310,1675759,1825696,1912935
 "09011","New London, CT",1,CAGDP2,69,"61","   Educational services ","Thousands of dollars",108474,108830,121329,134094,130374,142533,147420,159098,179341,181020,182952,179246,179809,185928,191759,202692,205461,204461,208416,200179,207207,223249
 "09011","New London, CT",1,CAGDP2,70,"62","   Health care and social assistance ","Thousands of dollars",727557,781237,818180,843556,881202,930421,974731,1069419,1129042,1166903,1199555,1230917,1240247,1239208,1242043,1283543,1328099,1368299,1492894,1475580,1618490,1689686
 "09011","New London, CT",1,CAGDP2,75,"71,72","  Arts, entertainment, recreation, accommodation, and food services ","Thousands of dollars",385120,427727,489964,581130,684524,696718,669216,675505,739043,658988,652978,708181,726852,713992,820219,987439,992287,1054332,958298,590578,758889,904194
 "09011","New London, CT",1,CAGDP2,76,"71","   Arts, entertainment, and recreation ","Thousands of dollars",80432,86916,137483,240734,296953,248563,244613,220787,265927,190059,185732,153658,157937,194923,226540,339410,271805,282213,150693,125152,178850,227352
 "09011","New London, CT",1,CAGDP2,79,"72","   Accommodation and food services ","Thousands of dollars",304688,340811,352481,340395,387571,448155,424603,454718,473116,468930,467246,554523,568914,519069,593679,648029,720482,772120,807605,465426,580039,676842
 "09011","New London, CT",1,CAGDP2,82,"81","  Other services (except government and government enterprises) ","Thousands of dollars",213402,242470,232656,238923,232709,243311,250722,253623,251323,250560,248561,253546,258750,278602,281318,286575,293189,298630,297567,254524,300978,330861
 "09011","New London, CT",1,CAGDP2,83,"92","Government and government enterprises ","Thousands of dollars",2643449,2881539,3032888,3347352,3797247,4028382,4233106,4398437,4295532,4277697,4455424,4371953,4482368,4122548,4184319,4329993,4479083,4180422,3970906,3737833,4070676,4146223
 "09011","New London, CT",1,CAGDP2,87,"11,21","Natural resources and mining ","Thousands of dollars",62146,25720,78661,108232,78419,89648,126646,162085,129084,111522,109320,131712,176700,51563,222246,81935,153774,169491,138518,151251,165330,352767
 "09011","New London, CT",1,CAGDP2,88,"42,44-45","Trade ","Thousands of dollars",882959,924517,1023080,1095819,1206059,1305916,1431225,1493906,1481403,1543712,1576943,1673001,1607730,1557893,1571745,1520711,1500233,1503965,1540136,1503577,1630432,1807636
 "09011","New London, CT",1,CAGDP2,89,"22,48-49","Transportation and utilities ","Thousands of dollars",1376779,1185699,1433186,1466100,1532763,1714472,1863496,1523712,1941842,2008625,1996099,1830985,1968398,1931947,1973752,1965676,2257548,1915085,1895600,2044762,2147386,2182566
 "09011","New London, CT",1,CAGDP2,90,"31-33,51","Manufacturing and information ","Thousands of dollars",2016247,2316931,2613504,3558399,3608845,4462264,5187083,3975310,1947748,1873850,1706821,1842537,2481429,2541504,2919198,2903701,3656207,4769806,5023679,4863293,5035219,5720487
 "09011","New London, CT",1,CAGDP2,91,"...","Private goods-producing industries 2/","Thousands of dollars",2096707,2366543,2702431,3808204,3871547,4566706,5391517,4240101,2171222,2093738,1967376,2131776,2780212,2728639,3300095,3160255,3905848,4986674,5237801,4977136,5160355,5991369
 "09011","New London, CT",1,CAGDP2,92,"...","Private services-providing industries 3/","Thousands of dollars",6285601,6531931,6936983,7313250,7720975,8193831,8759446,9009661,9536565,9616113,9654569,9658478,9712745,9587771,9840445,10112518,10557660,10485051,10805684,10353631,11022371,11911095
 "09013","Tolland, CT",1,CAGDP2,1,"...","All industry total ","Thousands of dollars",3346335,3432831,3546735,3743602,3931584,4108571,4438084,4588493,4584102,4672199,4673190,4709954,4714095,4847295,4959975,5036664,5337593,5522989,5753080,5537309,5848386,6321187
 "09013","Tolland, CT",1,CAGDP2,2,"..."," Private industries ","Thousands of dollars",2487431,2543150,2635511,2797769,2916743,3122435,3330202,3390183,3395218,3487852,3465954,3491040,3450465,3518252,3568486,3616275,3808034,3954085,4239431,3954528,4274114,4654985
 "09013","Tolland, CT",1,CAGDP2,3,"11","  Agriculture, forestry, fishing and hunting ","Thousands of dollars",(D),(D),(D),24207,23827,(D),(D),(D),(D),(D),(D),(D),(D),(D),(D),(D),(D),(D),(D),(D),29726,60963
 "09013","Tolland, CT",1,CAGDP2,6,"21","  Mining, quarrying, and oil and gas extraction ","Thousands of dollars",8392,8169,9333,9235,9789,11687,9266,5520,4681,7611,7023,8937,8292,9061,11220,11934,6783,6958,6854,12729,(D),(D)
 "09013","Tolland, CT",1,CAGDP2,10,"22","  Utilities ","Thousands of dollars",13707,14527,14981,13496,(D),(D),(D),(D),(D),(D),(D),(D),(D),(D),(D),(D),(D),(D),(D),(D),(D),(D)
 "09013","Tolland, CT",1,CAGDP2,11,"23","  Construction ","Thousands of dollars",220725,204424,204982,252535,263288,287975,283455,242148,251207,232591,226853,244267,230942,242037,204570,214868,234896,222115,232846,229185,222799,245996
 "09013","Tolland, CT",1,CAGDP2,12,"31-33","  Manufacturing ","Thousands of dollars",280328,273857,281385,302146,343160,446320,443069,356997,296747,279470,273966,275452,313795,321785,339868,(D),(D),(D),(D),447207,415694,447520
 "09013","Tolland, CT",1,CAGDP2,13,"321,327-339","   Durable goods manufacturing ","Thousands of dollars",180204,165133,173496,184510,218412,295214,296881,228718,215093,197038,195772,197516,212340,217786,220435,211106,238406,254286,267553,261921,231978,262752
 "09013","Tolland, CT",1,CAGDP2,25,"311-316,322-326","   Nondurable goods manufacturing ","Thousands of dollars",100124,108724,107890,117636,124747,151106,146187,128279,81654,82432,78194,77936,101456,103999,119433,(D),(D),(D),(D),185286,183716,184768
 "09013","Tolland, CT",1,CAGDP2,34,"42","  Wholesale trade ","Thousands of dollars",110549,118495,123588,123658,(D),(D),(D),(D),(D),(D),(D),(D),(D),(D),(D),(D),(D),(D),(D),(D),(D),(D)
 "09013","Tolland, CT",1,CAGDP2,35,"44-45","  Retail trade ","Thousands of dollars",227077,235466,251931,264309,285446,292739,302505,295220,320775,330402,319986,321107,330488,336107,347135,353543,369801,387016,400409,416854,516858,504196
 "09013","Tolland, CT",1,CAGDP2,36,"48-49","  Transportation and warehousing ","Thousands of dollars",(D),(D),(D),(D),51359,58425,52067,55098,49942,62238,59937,55086,60341,62859,69551,73403,85045,108152,110645,121029,145502,153745
 "09013","Tolland, CT",1,CAGDP2,45,"51","  Information ","Thousands of dollars",62481,79694,80414,99385,105015,109781,120597,118116,93119,83901,79885,73292,86592,89986,89176,92985,98124,93879,99302,97464,99426,104305
 "09013","Tolland, CT",1,CAGDP2,50,"52,53","  Finance, insurance, real estate, rental, and leasing ","Thousands of dollars",818464,819945,839960,868557,892331,898045,1049944,1150999,1212769,1265800,1231842,1191103,1154533,1193957,1254388,1259748,1360488,1417643,1574190,1392612,1458946,1590503
 "09013","Tolland, CT",1,CAGDP2,51,"52","   Finance and insurance ","Thousands of dollars",109104,120836,117215,112368,104259,116548,111204,108904,134758,144480,145099,124243,122356,139243,172614,207508,251906,204284,211371,190348,195191,222261
 "09013","Tolland, CT",1,CAGDP2,56,"53","   Real estate and rental and leasing ","Thousands of dollars",709360,699109,722745,756189,788073,781497,938740,1042095,1078012,1121320,1086743,1066860,1032177,1054713,1081775,1052240,1108583,1213359,1362819,1202264,1263754,1368242
 "09013","Tolland, CT",1,CAGDP2,59,"54,55,56","  Professional and business services ","Thousands of dollars",(D),211638,215007,(D),224549,244306,262834,306346,293660,299051,327194,311876,278231,289177,290319,289029,282713,302731,309388,286056,329352,377999
 "09013","Tolland, CT",1,CAGDP2,60,"54","   Professional, scientific, and technical services ","Thousands of dollars",140754,148397,150211,(D),153601,164450,169704,208594,195679,198871,207242,180893,176889,189544,192128,191793,196634,206418,207405,190092,218358,244761
 "09013","Tolland, CT",1,CAGDP2,64,"55","   Management of companies and enterprises ","Thousands of dollars",(D),6004,5818,(D),(D),8510,9658,10244,10501,(D),26541,25440,21239,20401,19128,17702,4883,6323,6241,7126,7902,15138
 "09013","Tolland, CT",1,CAGDP2,65,"56","   Administrative and support and waste management and remediation services ","Thousands of dollars",(D),57237,58979,62499,(D),71347,83471,87509,87480,(D),93411,105543,80103,79232,79063,79534,81196,89991,95741,88838,103092,118100
 "09013","Tolland, CT",1,CAGDP2,68,"61,62","  Educational services, health care, and social assistance ","Thousands of dollars",232217,250329,265945,290321,297751,317444,334928,363687,381116,399712,397508,414679,413674,405471,403361,421491,421757,436329,450875,424621,437035,464350
 "09013","Tolland, CT",1,CAGDP2,69,"61","   Educational services ","Thousands of dollars",8337,9575,10613,12326,11717,12708,15552,15980,18594,22066,23952,25459,26168,28727,27704,29894,27875,27119,32960,32685,38667,42063
 "09013","Tolland, CT",1,CAGDP2,70,"62","   Health care and social assistance ","Thousands of dollars",223880,240754,255332,277995,286034,304736,319376,347707,362523,377646,373556,389220,387506,376745,375657,391596,393882,409210,417916,391936,398369,422287
 "09013","Tolland, CT",1,CAGDP2,75,"71,72","  Arts, entertainment, recreation, accommodation, and food services ","Thousands of dollars",140523,151644,157111,149716,152762,149214,146007,148479,153185,159617,160241,176909,184042,182631,189550,193867,199918,201990,215884,183504,247130,303485
 "09013","Tolland, CT",1,CAGDP2,76,"71","   Arts, entertainment, and recreation ","Thousands of dollars",34146,36672,39991,40035,39494,37690,36190,36773,38498,44889,40434,45749,45202,46325,39436,38089,37290,38344,39994,42132,64171,89357
 "09013","Tolland, CT",1,CAGDP2,79,"72","   Accommodation and food services ","Thousands of dollars",106376,114971,117121,109681,113268,111523,109817,111706,114686,114727,119808,131160,138840,136306,150114,155778,162628,163645,175890,141372,182959,214127
 "09013","Tolland, CT",1,CAGDP2,82,"81","  Other services (except government and government enterprises) ","Thousands of dollars",128482,144651,132028,128743,124497,129334,129797,133051,135155,133460,133467,135909,139474,148445,153922,155923,155430,163038,166103,152836,174392,192678
 "09013","Tolland, CT",1,CAGDP2,83,"92","Government and government enterprises ","Thousands of dollars",858905,889681,911224,945833,1014841,986136,1107882,1198310,1188884,1184347,1207236,1218914,1263630,1329044,1391489,1420389,1529559,1568905,1513648,1582781,1574273,1666202
 "09013","Tolland, CT",1,CAGDP2,87,"11,21","Natural resources and mining ","Thousands of dollars",(D),(D),(D),33442,33616,(D),(D),(D),(D),(D),(D),(D),(D),(D),(D),(D),(D),(D),(D),(D),(D),(D)
 "09013","Tolland, CT",1,CAGDP2,88,"42,44-45","Trade ","Thousands of dollars",337626,353961,375520,387967,(D),(D),(D),(D),(D),(D),(D),(D),(D),(D),(D),(D),(D),(D),(D),(D),(D),(D)
 "09013","Tolland, CT",1,CAGDP2,89,"22,48-49","Transportation and utilities ","Thousands of dollars",(D),(D),(D),(D),(D),(D),(D),(D),(D),(D),(D),(D),(D),(D),(D),(D),(D),(D),(D),(D),(D),(D)
 "09013","Tolland, CT",1,CAGDP2,90,"31-33,51","Manufacturing and information ","Thousands of dollars",342809,353551,361799,401532,448175,556101,563666,475114,389867,363370,353851,348744,400388,411771,429044,(D),(D),(D),(D),544670,515120,551825
 "09013","Tolland, CT",1,CAGDP2,91,"...","Private goods-producing industries 2/","Thousands of dollars",(D),(D),(D),588123,640064,(D),(D),(D),(D),(D),(D),(D),(D),(D),(D),595896,654327,664178,742043,(D),(D),(D)
 "09013","Tolland, CT",1,CAGDP2,92,"...","Private services-providing industries 3/","Thousands of dollars",(D),(D),(D),2209646,2276679,(D),(D),(D),(D),(D),(D),(D),(D),(D),(D),3020379,3153707,3289907,3497389,(D),(D),(D)
 "09015","Windham, CT",1,CAGDP2,1,"...","All industry total ","Thousands of dollars",3022467,3322273,3358657,3482848,3765448,4177351,3957590,3832469,3836124,4046340,4202783,4175451,4373773,4350065,4579878,4620009,4710856,4821753,5135762,5089573,5290768,5846866
 "09015","Windham, CT",1,CAGDP2,2,"..."," Private industries ","Thousands of dollars",2622569,2902893,2930062,3031648,3289317,3690266,3426946,3271374,3266447,3474289,3655395,3599374,3782237,3737778,3949407,3989824,4077830,4189522,4513473,4464181,4658349,5189616
 "09015","Windham, CT",1,CAGDP2,3,"11","  Agriculture, forestry, fishing and hunting ","Thousands of dollars",(D),44772,54117,55564,(D),31721,24667,(D),(D),(D),(D),(D),(D),(D),(D),(D),(D),(D),(D),12648,16814,34560
 "09015","Windham, CT",1,CAGDP2,6,"21","  Mining, quarrying, and oil and gas extraction ","Thousands of dollars",7353,6262,7692,8643,8203,10565,12301,9902,8695,12903,12864,15656,13981,14228,19199,25870,14856,16653,16037,26315,25035,25063
 "09015","Windham, CT",1,CAGDP2,10,"22","  Utilities ","Thousands of dollars",(D),241534,169246,175837,(D),339254,341612,202648,264091,(D),508746,377571,425309,(D),433782,486078,518594,450060,464049,580877,544827,574071
 "09015","Windham, CT",1,CAGDP2,11,"23","  Construction ","Thousands of dollars",187519,187740,163526,130452,151860,171750,169962,(D),(D),(D),(D),(D),(D),(D),(D),(D),(D),(D),(D),144457,162405,158970
 "09015","Windham, CT",1,CAGDP2,12,"31-33","  Manufacturing ","Thousands of dollars",734615,768003,825090,875786,997393,1134984,795295,704956,544477,571754,617636,669548,747069,740670,826389,764685,862719,944661,980189,889597,915781,1070526
 "09015","Windham, CT",1,CAGDP2,13,"321,327-339","   Durable goods manufacturing ","Thousands of dollars",291092,266714,295645,349154,432432,520343,297447,317289,288527,315358,332463,348667,336165,344422,342926,318909,332145,366044,374433,349868,415147,490906
 "09015","Windham, CT",1,CAGDP2,25,"311-316,322-326","   Nondurable goods manufacturing ","Thousands of dollars",443523,501288,529445,526633,564962,614641,497848,387668,255950,256396,285173,320881,410904,396248,483463,445777,530574,578617,605755,539729,500634,579621
 "09015","Windham, CT",1,CAGDP2,34,"42","  Wholesale trade ","Thousands of dollars",92108,96235,102933,122329,146349,163176,163194,172492,156027,149435,151313,164463,163862,152158,137763,127850,120545,126866,132827,134451,152894,181048
 "09015","Windham, CT",1,CAGDP2,35,"44-45","  Retail trade ","Thousands of dollars",229918,237113,251508,259696,273023,265293,260341,260327,271564,287812,291004,301406,305083,316163,334076,344188,358307,372462,385788,392794,454218,502559
 "09015","Windham, CT",1,CAGDP2,36,"48-49","  Transportation and warehousing ","Thousands of dollars",79779,76947,86221,98553,125318,163605,158722,152318,147700,146780,155234,148357,161109,175389,176686,182804,186284,202892,218786,183979,199637,220800
 "09015","Windham, CT",1,CAGDP2,45,"51","  Information ","Thousands of dollars",55587,61042,62541,62015,69171,75056,87069,94694,100511,93833,79994,76162,104729,120241,128189,121892,81644,82406,93338,90728,98364,103280
 "09015","Windham, CT",1,CAGDP2,50,"52,53","  Finance, insurance, real estate, rental, and leasing ","Thousands of dollars",513127,522564,524704,544913,540021,596199,662762,703251,767772,822819,772412,751442,744365,689295,769674,779462,758216,791602,932616,967680,946317,1063855
 "09015","Windham, CT",1,CAGDP2,51,"52","   Finance and insurance ","Thousands of dollars",75342,83421,84338,90371,82707,89973,84181,80242,82500,82631,84947,84360,80476,87030,99577,101306,103498,104525,106487,109821,111869,123613
 "09015","Windham, CT",1,CAGDP2,56,"53","   Real estate and rental and leasing ","Thousands of dollars",437785,439143,440366,454542,457315,506226,578581,623009,685272,740187,687466,667083,663889,602265,670098,678156,654717,687077,826129,857859,834448,940243
 "09015","Windham, CT",1,CAGDP2,59,"54,55,56","  Professional and business services ","Thousands of dollars",(D),159939,167947,174113,(D),181112,189627,197451,199688,(D),240164,245513,236963,232290,245510,233398,248932,252708,268279,246392,268758,309644
 "09015","Windham, CT",1,CAGDP2,60,"54","   Professional, scientific, and technical services ","Thousands of dollars",90406,88995,91640,95595,93139,98150,102299,101783,103662,97871,111023,112397,107801,111209,115881,107620,110248,112620,115768,109961,123476,144412
 "09015","Windham, CT",1,CAGDP2,64,"55","   Management of companies and enterprises ","Thousands of dollars",17361,17263,19698,22459,24002,19774,21365,21565,21519,(D),23142,25258,23776,23896,29864,25123,26568,30504,33175,19842,23967,27950
 "09015","Windham, CT",1,CAGDP2,65,"56","   Administrative and support and waste management and remediation services ","Thousands of dollars",(D),53681,56608,56060,(D),63187,65963,74103,74507,94024,106000,107858,105385,97186,99765,100656,112116,109584,119337,116589,121316,137281
 "09015","Windham, CT",1,CAGDP2,68,"61,62","  Educational services, health care, and social assistance ","Thousands of dollars",285881,303420,320012,334740,341877,362294,366120,411335,438882,451727,456036,486405,484124,477108,478357,494423,513850,532520,561682,554905,563596,588892
 "09015","Windham, CT",1,CAGDP2,69,"61","   Educational services ","Thousands of dollars",40284,42229,45288,50188,50517,53620,41768,45973,50684,51317,54310,60139,59307,62857,63114,66287,70318,76080,79011,73401,74077,78355
 "09015","Windham, CT",1,CAGDP2,70,"62","   Health care and social assistance ","Thousands of dollars",245597,261191,274724,284552,291361,308674,324352,365362,388198,400409,401726,426266,424817,414252,415243,428136,443532,456440,482671,481504,489519,510537
 "09015","Windham, CT",1,CAGDP2,75,"71,72","  Arts, entertainment, recreation, accommodation, and food services ","Thousands of dollars",100231,107523,107247,101068,105502,107829,108298,106101,110800,112877,119493,128096,134452,(D),142843,146317,153587,159987,182585,143755,198224,234028
 "09015","Windham, CT",1,CAGDP2,76,"71","   Arts, entertainment, and recreation ","Thousands of dollars",18698,16141,16961,18285,16246,16612,16397,14551,14797,16873,16710,17039,16018,15671,12252,10782,8616,8209,13884,15585,30304,45044
 "09015","Windham, CT",1,CAGDP2,79,"72","   Accommodation and food services ","Thousands of dollars",81533,91382,90286,82783,89256,91217,91901,91550,96003,96004,102783,111057,118434,(D),130591,135535,144971,151778,168700,128169,167919,188984
 "09015","Windham, CT",1,CAGDP2,82,"81","  Other services (except government and government enterprises) ","Thousands of dollars",82271,89800,87278,87938,85236,87429,86976,88470,95230,92297,92380,93993,94841,95775,96052,97551,99482,104538,107092,95604,111479,122320
 "09015","Windham, CT",1,CAGDP2,83,"92","Government and government enterprises ","Thousands of dollars",399898,419380,428595,451200,476131,487085,530643,561096,569678,572051,547388,576077,591537,612287,630470,630185,633025,632232,622288,625391,632419,657250
 "09015","Windham, CT",1,CAGDP2,87,"11,21","Natural resources and mining ","Thousands of dollars",(D),51034,61809,64208,(D),42286,36968,(D),(D),(D),(D),(D),(D),(D),(D),(D),(D),(D),(D),38963,41849,59623
 "09015","Windham, CT",1,CAGDP2,88,"42,44-45","Trade ","Thousands of dollars",322026,333349,354442,382025,419372,428469,423535,432819,427591,437247,442317,465869,468944,468320,471839,472039,478852,499327,518615,527244,607112,683607
 "09015","Windham, CT",1,CAGDP2,89,"22,48-49","Transportation and utilities ","Thousands of dollars",(D),318480,255467,274390,(D),502859,500334,354966,411791,(D),663979,525928,586418,(D),610468,668882,704878,652952,682834,764857,744464,794870
 "09015","Windham, CT",1,CAGDP2,90,"31-33,51","Manufacturing and information ","Thousands of dollars",790202,829045,887630,937801,1066564,1210040,882364,799650,644987,665588,697629,745710,851798,860911,954578,886578,944362,1027067,1073527,980325,1014145,1173806
 "09015","Windham, CT",1,CAGDP2,91,"...","Private goods-producing industries 2/","Thousands of dollars",(D),1006777,1050425,1070446,(D),1349020,1002225,882287,714182,737427,788619,825965,927400,933565,1006474,975860,1038390,1113482,1166432,1073017,1120035,1289119
 "09015","Windham, CT",1,CAGDP2,92,"...","Private services-providing industries 3/","Thousands of dollars",(D),1896116,1879637,1961202,(D),2341246,2424722,2389086,2552265,2736862,2866776,2773409,2854837,2804213,2942934,3013964,3039440,3076040,3347041,3391165,3538314,3900497
"Note: See the included footnote file."
"CAGDP2: Gross domestic product (GDP) by county and metropolitan area 1."
"Last updated: November 1, 2024 -- revised statistics for 2001-2016."
"U.S. Bureau of Economic Analysis"
